{
  "checkpoint_path": "./checkpoints/vit_bert/model_best.pt",
  "model_type": "base",
  "test_samples": 2000,
  "evaluation_date": "2025-11-25 22:19:58",
  "metrics": {
    "overall": {
      "auc": 0.909490120273625,
      "sensitivity": 0.8817204301075269,
      "specificity": 0.7318321392016377,
      "accuracy": 0.8085
    },
    "groups": {
      "Asian": {
        "auc": 0.9440794744431983,
        "sensitivity": 0.9240506329113924,
        "specificity": 0.8354430379746836,
        "n_samples": 158
      },
      "Black": {
        "auc": 0.9124695749859577,
        "sensitivity": 0.8622448979591837,
        "specificity": 0.7889908256880734,
        "n_samples": 305
      },
      "White": {
        "auc": 0.9056749557756045,
        "sensitivity": 0.8823529411764706,
        "specificity": 0.7135614702154626,
        "n_samples": 1537
      }
    }
  }
}