{
  "checkpoint_path": "./checkpoints/efficientnet_distilbert/model_best.pt",
  "model_type": "efficientnet_distilbert",
  "test_samples": 2000,
  "evaluation_date": "2025-11-25 22:15:53",
  "metrics": {
    "overall": {
      "auc": 0.8909152941906268,
      "sensitivity": 0.9002932551319648,
      "specificity": 0.6939611054247697,
      "accuracy": 0.7995
    },
    "groups": {
      "Asian": {
        "auc": 0.9480852427495594,
        "sensitivity": 0.9493670886075949,
        "specificity": 0.8354430379746836,
        "n_samples": 158
      },
      "Black": {
        "auc": 0.8988485302377832,
        "sensitivity": 0.8979591836734694,
        "specificity": 0.7522935779816514,
        "n_samples": 305
      },
      "White": {
        "auc": 0.8825613549948151,
        "sensitivity": 0.8957219251336899,
        "specificity": 0.6717363751584284,
        "n_samples": 1537
      }
    }
  }
}