{
  "checkpoint_path": "./checkpoints/vgg_deberta/model_best.pt",
  "model_type": "vgg_deberta",
  "test_samples": 2000,
  "evaluation_date": "2025-11-25 22:18:44",
  "metrics": {
    "overall": {
      "auc": 0.913969489860136,
      "sensitivity": 0.9149560117302052,
      "specificity": 0.6888433981576254,
      "accuracy": 0.8045
    },
    "groups": {
      "Asian": {
        "auc": 0.9546547027719916,
        "sensitivity": 0.9367088607594937,
        "specificity": 0.759493670886076,
        "n_samples": 158
      },
      "Black": {
        "auc": 0.9165886538101479,
        "sensitivity": 0.8979591836734694,
        "specificity": 0.7155963302752294,
        "n_samples": 305
      },
      "White": {
        "auc": 0.9090180489755528,
        "sensitivity": 0.9171122994652406,
        "specificity": 0.6780735107731305,
        "n_samples": 1537
      }
    }
  }
}